app,appname,vlink,slink,net,flit-width,link-prop,fifo-depth,psim-q,row,col,proute-algo,proute-q,cycle,pcu,pmu-comp,pmu-mem,mc,loadbw,storebw,vc
DotProduct__N_1048576_ts_65536_op_1,DotProduct,0,0,p2p,512,db,20,1,16,8,,1,173057,1.59,1.56,3.13,6.25,94.66796875,0.0,
DotProduct__N_1048576_ts_65536_op_1,DotProduct,0,0,p2p,512,db,4,1,16,8,,1,173229,1.59,0.0,3.13,6.25,94.5703125,0.0,
DotProduct__N_1048576_ts_65536_op_1,DotProduct,3,4,static,512,db,4,1,16,8,,1,173049,4.69,0.0,3.13,5.88,94.68749999999999,0.0,
DotProduct__N_1048576_ts_65536_op_1,DotProduct,2,4,static,512,db,4,1,16,8,,1,173049,4.69,0.0,3.13,5.88,94.68749999999999,0.0,
DotProduct__N_1048576_ts_65536_op_1,DotProduct,2,4,static,512,cd,4,1,16,8,,1,175569,4.69,0.0,3.13,5.88,93.3203125,0.0,
DotProduct__N_1048576_ts_65536_op_1,DotProduct,3,4,static,512,cd,4,1,16,8,,1,175569,4.69,0.0,3.13,5.88,93.3203125,0.0,
DotProduct__N_1048576_ts_65536_op_1,DotProduct,1,4,dynamic,512,db,4,1,16,8,route_min_directed_valient,1,173016,3.13,1.59,3.17,6.25,94.68749999999999,0.0,0
DotProduct__N_1048576_ts_65536_op_1,DotProduct,1,4,dynamic,256,db,4,1,16,8,route_min_directed_valient,1,173016,3.13,1.59,3.17,6.25,94.68749999999999,0.0,0
DotProduct__N_1048576_ts_65536_op_1,DotProduct,0,4,dynamic,512,db,4,1,16,8,route_min_directed_valient,1,209228,3.13,1.59,3.17,6.25,78.30078125,0.0,1
DotProduct__N_1048576_ts_65536_op_1,DotProduct,2,4,dynamic,512,db,4,1,16,8,route_min_directed_valient,1,173016,3.13,1.59,3.17,6.25,94.68749999999999,0.0,0
DotProduct__N_1048576_ts_65536_op_1,DotProduct,0,0,dynamic,512,db,4,1,16,8,route_min_directed_valient,1,209305,3.13,1.59,3.17,6.25,78.28124999999999,0.0,2
DotProduct__N_1048576_ts_65536_op_1,DotProduct,1,4,dynamic,512,db,4,4,16,8,route_min_directed_valient,1,173016,3.13,1.59,3.17,6.25,94.68749999999999,0.0,0
DotProduct__N_1048576_ts_65536_op_1,DotProduct,1,4,dynamic,512,db,4,8,16,8,route_min_directed_valient,1,173016,3.13,1.59,3.17,6.25,94.68749999999999,0.0,0
DotProduct__N_1048576_ts_65536_op_1,DotProduct,1,4,dynamic,512,db,4,16,16,8,route_min_directed_valient,1,173016,3.13,1.59,3.17,6.25,94.68749999999999,0.0,0
TPCHQ6__N_1048576_ts_65536_op_1,TPCHQ6,0,0,p2p,512,db,20,1,16,8,,1,342139,1.59,6.25,6.25,12.5,95.78125,0.0,
TPCHQ6__N_1048576_ts_65536_op_1,TPCHQ6,0,0,p2p,512,db,4,1,16,8,,1,344609,6.35,0.0,6.25,12.5,95.07812499999999,0.0,
TPCHQ6__N_1048576_ts_65536_op_1,TPCHQ6,3,4,static,512,db,4,1,16,8,,1,343067,9.38,0.0,6.25,11.76,95.50781249999999,0.0,
TPCHQ6__N_1048576_ts_65536_op_1,TPCHQ6,2,4,static,512,db,4,1,16,8,,1,343067,9.38,0.0,6.25,11.76,95.50781249999999,0.0,
TPCHQ6__N_1048576_ts_65536_op_1,TPCHQ6,2,4,static,512,cd,4,1,16,8,,1,355745,9.38,0.0,6.25,11.76,92.109375,0.0,
TPCHQ6__N_1048576_ts_65536_op_1,TPCHQ6,3,4,static,512,cd,4,1,16,8,,1,355745,9.38,0.0,6.25,11.76,92.109375,0.0,
TPCHQ6__N_1048576_ts_65536_op_1,TPCHQ6,1,4,dynamic,512,db,4,1,16,8,route_min_directed_valient,1,345198,6.25,1.59,6.35,12.5,94.921875,0.0,0
TPCHQ6__N_1048576_ts_65536_op_1,TPCHQ6,1,4,dynamic,256,db,4,1,16,8,route_min_directed_valient,1,345198,6.25,1.59,6.35,12.5,94.921875,0.0,0
TPCHQ6__N_1048576_ts_65536_op_1,TPCHQ6,0,4,dynamic,512,db,4,1,16,8,route_min_directed_valient,1,415561,6.25,1.59,6.35,12.5,78.84765624999999,0.0,1
TPCHQ6__N_1048576_ts_65536_op_1,TPCHQ6,2,4,dynamic,512,db,4,1,16,8,route_min_directed_valient,1,345784,6.25,1.59,6.35,12.5,94.765625,0.0,0
TPCHQ6__N_1048576_ts_65536_op_1,TPCHQ6,0,0,dynamic,512,db,4,1,16,8,route_min_directed_valient,1,415149,6.25,1.59,6.35,12.5,78.92578125,0.0,2
TPCHQ6__N_1048576_ts_65536_op_1,TPCHQ6,1,4,dynamic,512,db,4,4,16,8,route_min_directed_valient,1,345198,6.25,1.59,6.35,12.5,94.921875,0.0,0
TPCHQ6__N_1048576_ts_65536_op_1,TPCHQ6,1,4,dynamic,512,db,4,8,16,8,route_min_directed_valient,1,345198,6.25,1.59,6.35,12.5,94.921875,0.0,0
TPCHQ6__N_1048576_ts_65536_op_1,TPCHQ6,1,4,dynamic,512,db,4,16,16,8,route_min_directed_valient,1,345198,6.25,1.59,6.35,12.5,94.921875,0.0,0
OuterProduct__M_4096_N_4096_ts1_64_ts2_1024_op1_1_op2_2_ip2_16_ip1_1,OuterProduct,0,0,p2p,512,db,20,1,16,8,,1,1428743,0.0,6.25,9.38,15.63,1.46484375,91.73828125,
OuterProduct__M_4096_N_4096_ts1_64_ts2_1024_op1_1_op2_2_ip2_16_ip1_1,OuterProduct,0,0,p2p,512,db,4,1,16,8,,1,1444873,3.17,0.0,9.38,15.63,1.4453125,90.72265625,
OuterProduct__M_4096_N_4096_ts1_64_ts2_1024_op1_1_op2_2_ip2_16_ip1_1,OuterProduct,3,4,static,512,db,4,1,16,8,,1,1443625,10.94,0.0,9.38,14.71,1.4453125,90.80078125,
OuterProduct__M_4096_N_4096_ts1_64_ts2_1024_op1_1_op2_2_ip2_16_ip1_1,OuterProduct,2,4,static,512,db,4,1,16,8,,1,1443625,10.94,0.0,9.38,14.71,1.4453125,90.80078125,
OuterProduct__M_4096_N_4096_ts1_64_ts2_1024_op1_1_op2_2_ip2_16_ip1_1,OuterProduct,2,4,static,512,cd,4,1,16,8,,1,1471322,10.94,0.0,9.38,14.71,1.4062499999999998,89.08203125,
OuterProduct__M_4096_N_4096_ts1_64_ts2_1024_op1_1_op2_2_ip2_16_ip1_1,OuterProduct,3,4,static,512,cd,4,1,16,8,,1,1471322,10.94,0.0,9.38,14.71,1.4062499999999998,89.08203125,
OuterProduct__M_4096_N_4096_ts1_64_ts2_1024_op1_1_op2_2_ip2_16_ip1_1,OuterProduct,1,4,dynamic,512,db,4,1,16,8,route_min_directed_valient,1,1433424,6.25,0.0,9.52,15.63,1.4453125,91.4453125,0
OuterProduct__M_4096_N_4096_ts1_64_ts2_1024_op1_1_op2_2_ip2_16_ip1_1,OuterProduct,1,4,dynamic,256,db,4,1,16,8,route_min_directed_valient,1,1433424,6.25,0.0,9.52,15.63,1.4453125,91.4453125,0
OuterProduct__M_4096_N_4096_ts1_64_ts2_1024_op1_1_op2_2_ip2_16_ip1_1,OuterProduct,0,4,dynamic,512,db,4,1,16,8,route_min_directed_valient,1,1585660,6.25,0.0,9.52,15.63,1.30859375,82.65625,1
OuterProduct__M_4096_N_4096_ts1_64_ts2_1024_op1_1_op2_2_ip2_16_ip1_1,OuterProduct,2,4,dynamic,512,db,4,1,16,8,route_min_directed_valient,1,1433003,6.25,0.0,9.52,15.63,1.4453125,91.46484374999999,0
OuterProduct__M_4096_N_4096_ts1_64_ts2_1024_op1_1_op2_2_ip2_16_ip1_1,OuterProduct,0,0,dynamic,512,db,4,1,16,8,route_min_directed_valient,1,1586508,6.25,0.0,9.52,15.63,1.30859375,82.61718749999999,3
OuterProduct__M_4096_N_4096_ts1_64_ts2_1024_op1_1_op2_2_ip2_16_ip1_1,OuterProduct,1,4,dynamic,512,db,4,4,16,8,route_min_directed_valient,1,1433424,6.25,0.0,9.52,15.63,1.4453125,91.4453125,0
OuterProduct__M_4096_N_4096_ts1_64_ts2_1024_op1_1_op2_2_ip2_16_ip1_1,OuterProduct,1,4,dynamic,512,db,4,8,16,8,route_min_directed_valient,1,1433424,6.25,0.0,9.52,15.63,1.4453125,91.4453125,0
OuterProduct__M_4096_N_4096_ts1_64_ts2_1024_op1_1_op2_2_ip2_16_ip1_1,OuterProduct,1,4,dynamic,512,db,4,16,16,8,route_min_directed_valient,1,1433424,6.25,0.0,9.52,15.63,1.4453125,91.4453125,0
BlackScholes__N_1048576_ts_65536_op_1,BlackScholes,0,0,p2p,512,db,20,1,16,8,,1,622558,77.78,3.13,10.94,21.88,78.9453125,13.164062499999998,
BlackScholes__N_1048576_ts_65536_op_1,BlackScholes,0,0,p2p,512,db,4,1,16,8,,1,1116033,79.37,0.0,10.94,21.88,44.04296875,7.343749999999999,
BlackScholes__N_1048576_ts_65536_op_1,BlackScholes,3,4,static,512,db,4,1,16,8,,1,919818,76.56,3.13,10.94,20.59,53.43749999999999,8.906249999999998,
BlackScholes__N_1048576_ts_65536_op_1,BlackScholes,2,4,static,512,db,4,1,16,8,,1,919818,76.56,3.13,10.94,20.59,53.43749999999999,8.906249999999998,
BlackScholes__N_1048576_ts_65536_op_1,BlackScholes,2,4,static,512,cd,4,1,16,8,,1,2694419,76.56,3.13,10.94,20.59,18.2421875,3.046875,
BlackScholes__N_1048576_ts_65536_op_1,BlackScholes,3,4,static,512,cd,4,1,16,8,,1,2694419,76.56,3.13,10.94,20.59,18.2421875,3.046875,
BlackScholes__N_1048576_ts_65536_op_1,BlackScholes,1,4,dynamic,512,db,4,1,16,8,route_min_directed_valient,1,1603474,76.56,3.17,11.11,21.88,30.644531249999996,5.1171875,1
BlackScholes__N_1048576_ts_65536_op_1,BlackScholes,1,4,dynamic,256,db,4,1,16,8,route_min_directed_valient,1,1603474,76.56,3.17,11.11,21.88,30.644531249999996,5.1171875,1
BlackScholes__N_1048576_ts_65536_op_1,BlackScholes,0,4,dynamic,512,db,4,1,16,8,route_min_directed_valient,1,1117507,76.56,3.17,11.11,21.88,43.984375,7.32421875,2
BlackScholes__N_1048576_ts_65536_op_1,BlackScholes,2,4,dynamic,512,db,4,1,16,8,route_min_directed_valient,1,1246788,76.56,3.17,11.11,21.88,39.4140625,6.562499999999999,0
BlackScholes__N_1048576_ts_65536_op_1,BlackScholes,0,0,dynamic,512,db,4,1,16,8,route_min_directed_valient,1,3091646,76.56,3.17,11.11,21.88,15.898437500000002,2.65625,3
BlackScholes__N_1048576_ts_65536_op_1,BlackScholes,1,4,dynamic,512,db,4,4,16,8,route_min_directed_valient,1,1603474,76.56,3.17,11.11,21.88,,,1
BlackScholes__N_1048576_ts_65536_op_1,BlackScholes,1,4,dynamic,512,db,4,8,16,8,route_min_directed_valient,1,1603474,76.56,3.17,11.11,21.88,,,1
BlackScholes__N_1048576_ts_65536_op_1,BlackScholes,1,4,dynamic,512,db,4,16,16,8,route_min_directed_valient,1,1603474,76.56,3.17,11.11,21.88,,,1
SPMV_ELL__L_64_N_16384_ts_1024_op_1_mp_2,SPMV,0,0,p2p,512,db,20,1,16,8,,1,262656,3.17,14.06,14.06,15.63,93.57421875,0.48828125,
SPMV_ELL__L_64_N_16384_ts_1024_op_1_mp_2,SPMV,0,0,p2p,512,db,4,1,16,8,,1,282613,9.52,0.0,14.06,15.63,86.953125,0.44921874999999994,
SPMV_ELL__L_64_N_16384_ts_1024_op_1_mp_2,SPMV,3,4,static,512,db,4,1,16,8,,1,275923,15.63,0.0,14.06,14.71,89.0625,0.46875,
SPMV_ELL__L_64_N_16384_ts_1024_op_1_mp_2,SPMV,2,4,static,512,db,4,1,16,8,,1,275923,15.63,0.0,14.06,14.71,89.0625,0.46875,
SPMV_ELL__L_64_N_16384_ts_1024_op_1_mp_2,SPMV,2,4,static,512,cd,4,1,16,8,,1,302154,15.63,0.0,14.06,14.71,81.328125,0.42968749999999994,
SPMV_ELL__L_64_N_16384_ts_1024_op_1_mp_2,SPMV,3,4,static,512,cd,4,1,16,8,,1,302154,15.63,0.0,14.06,14.71,81.328125,0.42968749999999994,
SPMV_ELL__L_64_N_16384_ts_1024_op_1_mp_2,SPMV,1,4,dynamic,512,db,4,1,16,8,route_min_directed_valient,1,284440,15.63,0.0,14.29,15.63,,,0
SPMV_ELL__L_64_N_16384_ts_1024_op_1_mp_2,SPMV,1,4,dynamic,256,db,4,1,16,8,route_min_directed_valient,1,284440,15.63,0.0,14.29,15.63,,,0
SPMV_ELL__L_64_N_16384_ts_1024_op_1_mp_2,SPMV,0,4,dynamic,512,db,4,1,16,8,route_min_directed_valient,1,402729,15.63,0.0,14.29,15.63,61.01562499999999,0.3125,1
SPMV_ELL__L_64_N_16384_ts_1024_op_1_mp_2,SPMV,2,4,dynamic,512,db,4,1,16,8,route_min_directed_valient,1,283945,15.63,0.0,14.29,15.63,86.54296875,0.44921874999999994,0
SPMV_ELL__L_64_N_16384_ts_1024_op_1_mp_2,SPMV,0,0,dynamic,512,db,4,1,16,8,route_min_directed_valient,1,412618,15.63,0.0,14.29,15.63,59.5703125,0.3125,3
SPMV_ELL__L_64_N_16384_ts_1024_op_1_mp_2,SPMV,1,4,dynamic,512,db,4,4,16,8,route_min_directed_valient,1,284440,15.63,0.0,14.29,15.63,,,0
SPMV_ELL__L_64_N_16384_ts_1024_op_1_mp_2,SPMV,1,4,dynamic,512,db,4,8,16,8,route_min_directed_valient,1,284440,15.63,0.0,14.29,15.63,86.40625,0.44921874999999994,0
SPMV_ELL__L_64_N_16384_ts_1024_op_1_mp_2,SPMV,1,4,dynamic,512,db,4,16,16,8,route_min_directed_valient,1,284440,15.63,0.0,14.29,15.63,86.40625,0.44921874999999994,0
GDA__C_128_R_4096_ts_512_op_1_mp1_8_mp2_1,GDA,0,0,p2p,512,db,20,1,16,8,,1,543585,28.57,17.19,82.81,15.63,7.59765625,0.234375,
GDA__C_128_R_4096_ts_512_op_1_mp1_8_mp2_1,GDA,0,0,p2p,512,db,4,1,16,8,,1,543589,19.05,17.19,82.81,15.63,7.59765625,0.234375,
GDA__C_128_R_4096_ts_512_op_1_mp1_8_mp2_1,GDA,3,4,static,512,db,4,1,16,8,,1,544112,45.31,0.0,82.81,14.71,7.59765625,0.234375,
GDA__C_128_R_4096_ts_512_op_1_mp1_8_mp2_1,GDA,2,4,static,512,db,4,1,16,8,,1,544112,45.31,0.0,82.81,14.71,7.59765625,0.234375,
GDA__C_128_R_4096_ts_512_op_1_mp1_8_mp2_1,GDA,2,4,static,512,cd,4,1,16,8,,1,3715031,45.31,0.0,82.81,14.71,1.1132812499999998,0.0390625,
GDA__C_128_R_4096_ts_512_op_1_mp1_8_mp2_1,GDA,3,4,static,512,cd,4,1,16,8,,1,3446588,45.31,0.0,82.81,14.71,1.19140625,0.0390625,
GDA__C_128_R_4096_ts_512_op_1_mp1_8_mp2_1,GDA,1,4,dynamic,512,db,4,1,16,8,route_min_directed_valient,1,1613448,40.63,1.59,84.13,15.63,2.55859375,0.078125,2
GDA__C_128_R_4096_ts_512_op_1_mp1_8_mp2_1,GDA,1,4,dynamic,256,db,4,1,16,8,route_min_directed_valient,1,1613448,40.63,1.59,84.13,15.63,2.55859375,0.078125,2
GDA__C_128_R_4096_ts_512_op_1_mp1_8_mp2_1,GDA,0,4,dynamic,512,db,4,1,16,8,route_min_directed_valient,1,3231739,40.63,1.59,84.13,15.63,,,3
GDA__C_128_R_4096_ts_512_op_1_mp1_8_mp2_1,GDA,2,4,dynamic,512,db,4,1,16,8,route_min_directed_valient,1,543601,40.63,1.59,84.13,15.63,7.59765625,0.234375,0
GDA__C_128_R_4096_ts_512_op_1_mp1_8_mp2_1,GDA,0,0,dynamic,512,db,4,1,16,8,route_min_directed_valient,1,3217007,40.63,1.59,84.13,15.63,1.2890625,0.0390625,4
GDA__C_128_R_4096_ts_512_op_1_mp1_8_mp2_1,GDA,1,4,dynamic,512,db,4,4,16,8,route_min_directed_valient,1,1613592,40.63,1.59,84.13,15.63,2.55859375,0.078125,2
GDA__C_128_R_4096_ts_512_op_1_mp1_8_mp2_1,GDA,1,4,dynamic,512,db,4,8,16,8,route_min_directed_valient,1,1613784,40.63,1.59,84.13,15.63,2.55859375,0.078125,2
GDA__C_128_R_4096_ts_512_op_1_mp1_8_mp2_1,GDA,1,4,dynamic,512,db,4,16,16,8,route_min_directed_valient,1,1614168,40.63,1.59,84.13,15.63,2.55859375,0.078125,2
LogReg__iters_4_D_128_N_8192_ts_512_op_1_mp_4,LogReg,0,0,p2p,512,db,20,1,16,8,,1,344358,26.98,4.69,35.94,12.5,95.8984375,0.0,
LogReg__iters_4_D_128_N_8192_ts_512_op_1_mp_4,LogReg,0,0,p2p,512,db,4,1,16,8,,1,344417,30.16,0.0,35.94,12.5,95.87890625,0.0,
LogReg__iters_4_D_128_N_8192_ts_512_op_1_mp_4,LogReg,3,4,static,512,db,4,1,16,8,,1,344599,32.81,0.0,35.94,11.76,95.83984375,0.0,
LogReg__iters_4_D_128_N_8192_ts_512_op_1_mp_4,LogReg,2,4,static,512,db,4,1,16,8,,1,344599,32.81,0.0,35.94,11.76,95.83984375,0.0,
LogReg__iters_4_D_128_N_8192_ts_512_op_1_mp_4,LogReg,2,4,static,512,cd,4,1,16,8,,1,1711024,32.81,0.0,35.94,11.76,19.296875,0.0,
LogReg__iters_4_D_128_N_8192_ts_512_op_1_mp_4,LogReg,3,4,static,512,cd,4,1,16,8,,1,1711024,32.81,0.0,35.94,11.76,19.296875,0.0,
LogReg__iters_4_D_128_N_8192_ts_512_op_1_mp_4,LogReg,1,4,dynamic,512,db,4,1,16,8,route_min_directed_valient,1,344502,32.81,1.59,36.51,12.5,95.85937499999999,0.0,0
LogReg__iters_4_D_128_N_8192_ts_512_op_1_mp_4,LogReg,1,4,dynamic,256,db,4,1,16,8,route_min_directed_valient,1,344502,32.81,1.59,36.51,12.5,95.85937499999999,0.0,0
LogReg__iters_4_D_128_N_8192_ts_512_op_1_mp_4,LogReg,0,4,dynamic,512,db,4,1,16,8,route_min_directed_valient,1,2371792,32.81,1.59,36.51,12.5,13.92578125,0.0,2
LogReg__iters_4_D_128_N_8192_ts_512_op_1_mp_4,LogReg,2,4,dynamic,512,db,4,1,16,8,route_min_directed_valient,1,344458,32.81,1.59,36.51,12.5,95.87890625,0.0,0
LogReg__iters_4_D_128_N_8192_ts_512_op_1_mp_4,LogReg,0,0,dynamic,512,db,4,1,16,8,route_min_directed_valient,1,2371782,32.81,1.59,36.51,12.5,13.92578125,0.0,4
LogReg__iters_4_D_128_N_8192_ts_512_op_1_mp_4,LogReg,1,4,dynamic,512,db,4,4,16,8,route_min_directed_valient,1,344502,32.81,1.59,36.51,12.5,95.85937499999999,0.0,0
LogReg__iters_4_D_128_N_8192_ts_512_op_1_mp_4,LogReg,1,4,dynamic,512,db,4,8,16,8,route_min_directed_valient,1,344502,32.81,1.59,36.51,12.5,95.85937499999999,0.0,0
LogReg__iters_4_D_128_N_8192_ts_512_op_1_mp_4,LogReg,1,4,dynamic,512,db,4,16,16,8,route_min_directed_valient,1,344502,32.81,1.59,36.51,12.5,95.85937499999999,0.0,0
GEMM_Blocked__DIM_512_IDIM_256_ts_256_its_128_loop_ii_1_loop_jj_1_loop_kk_1_loop_i_1_loop_k_16,GEMM,0,0,p2p,512,db,20,1,16,8,,1,601932,30.16,40.63,59.38,9.38,10.21484375,1.6992187499999998,
GEMM_Blocked__DIM_512_IDIM_256_ts_256_its_128_loop_ii_1_loop_jj_1_loop_kk_1_loop_i_1_loop_k_16,GEMM,0,0,p2p,512,db,4,1,16,8,,1,601932,1.59,35.94,59.38,9.38,10.21484375,1.6992187499999998,
GEMM_Blocked__DIM_512_IDIM_256_ts_256_its_128_loop_ii_1_loop_jj_1_loop_kk_1_loop_i_1_loop_k_16,GEMM,3,4,static,512,db,4,1,16,8,,1,618358,56.25,0.0,59.38,8.82,9.94140625,1.66015625,
GEMM_Blocked__DIM_512_IDIM_256_ts_256_its_128_loop_ii_1_loop_jj_1_loop_kk_1_loop_i_1_loop_k_16,GEMM,2,4,static,512,db,4,1,16,8,,1,618358,56.25,0.0,59.38,8.82,9.94140625,1.66015625,
GEMM_Blocked__DIM_512_IDIM_256_ts_256_its_128_loop_ii_1_loop_jj_1_loop_kk_1_loop_i_1_loop_k_16,GEMM,2,4,static,512,cd,4,1,16,8,,1,2140136,56.25,0.0,59.38,8.82,2.87109375,0.46875,
GEMM_Blocked__DIM_512_IDIM_256_ts_256_its_128_loop_ii_1_loop_jj_1_loop_kk_1_loop_i_1_loop_k_16,GEMM,3,4,static,512,cd,4,1,16,8,,1,2057918,56.25,0.0,59.38,8.82,2.98828125,0.48828125,
GEMM_Blocked__DIM_512_IDIM_256_ts_256_its_128_loop_ii_1_loop_jj_1_loop_kk_1_loop_i_1_loop_k_16,GEMM,1,4,dynamic,512,db,4,1,16,8,route_min_directed_valient,1,798690,50.0,3.17,60.32,9.38,7.6953125,1.2890625,1
GEMM_Blocked__DIM_512_IDIM_256_ts_256_its_128_loop_ii_1_loop_jj_1_loop_kk_1_loop_i_1_loop_k_16,GEMM,1,4,dynamic,256,db,4,1,16,8,route_min_directed_valient,1,798690,50.0,3.17,60.32,9.38,7.6953125,1.2890625,1
GEMM_Blocked__DIM_512_IDIM_256_ts_256_its_128_loop_ii_1_loop_jj_1_loop_kk_1_loop_i_1_loop_k_16,GEMM,0,4,dynamic,512,db,4,1,16,8,route_min_directed_valient,1,2329179,50.0,3.17,60.32,9.38,2.63671875,0.44921874999999994,2
GEMM_Blocked__DIM_512_IDIM_256_ts_256_its_128_loop_ii_1_loop_jj_1_loop_kk_1_loop_i_1_loop_k_16,GEMM,2,4,dynamic,512,db,4,1,16,8,route_min_directed_valient,1,601976,50.0,3.17,60.32,9.38,10.21484375,1.6992187499999998,0
GEMM_Blocked__DIM_512_IDIM_256_ts_256_its_128_loop_ii_1_loop_jj_1_loop_kk_1_loop_i_1_loop_k_16,GEMM,0,0,dynamic,512,db,4,1,16,8,route_min_directed_valient,1,2329117,50.0,3.17,60.32,9.38,2.63671875,0.44921874999999994,4
GEMM_Blocked__DIM_512_IDIM_256_ts_256_its_128_loop_ii_1_loop_jj_1_loop_kk_1_loop_i_1_loop_k_16,GEMM,1,4,dynamic,512,db,4,4,16,8,route_min_directed_valient,1,798690,50.0,3.17,60.32,9.38,7.6953125,1.2890625,1
GEMM_Blocked__DIM_512_IDIM_256_ts_256_its_128_loop_ii_1_loop_jj_1_loop_kk_1_loop_i_1_loop_k_16,GEMM,1,4,dynamic,512,db,4,8,16,8,route_min_directed_valient,1,798690,50.0,3.17,60.32,9.38,7.6953125,1.2890625,1
GEMM_Blocked__DIM_512_IDIM_256_ts_256_its_128_loop_ii_1_loop_jj_1_loop_kk_1_loop_i_1_loop_k_16,GEMM,1,4,dynamic,512,db,4,16,16,8,route_min_directed_valient,1,798690,50.0,3.17,60.32,9.38,7.6953125,1.2890625,1
Kmeans__I_2_K_64_D_64_N_8192_ts_1024_op_1_mp1_8_mp2_1_mp3_1,Kmeans,0,0,p2p,512,db,20,1,16,8,,1,573474,100.0,15.63,84.38,9.38,14.335937499999998,0.05859375,
Kmeans__I_2_K_64_D_64_N_8192_ts_1024_op_1_mp1_8_mp2_1_mp3_1,Kmeans,0,0,p2p,512,db,4,1,16,8,,1,573482,87.3,15.63,84.38,9.38,14.335937499999998,0.05859375,
Kmeans__I_2_K_64_D_64_N_8192_ts_1024_op_1_mp1_8_mp2_1_mp3_1,Kmeans,3,4,static,512,db,4,1,16,8,,1,575562,96.88,14.06,84.38,8.82,14.296875,0.05859375,
Kmeans__I_2_K_64_D_64_N_8192_ts_1024_op_1_mp1_8_mp2_1_mp3_1,Kmeans,2,4,static,512,db,4,1,16,8,,1,575562,96.88,14.06,84.38,8.82,14.296875,0.05859375,
Kmeans__I_2_K_64_D_64_N_8192_ts_1024_op_1_mp1_8_mp2_1_mp3_1,Kmeans,2,4,static,512,cd,4,1,16,8,,1,5554396,96.88,14.06,84.38,8.82,1.484375,0.0,
Kmeans__I_2_K_64_D_64_N_8192_ts_1024_op_1_mp1_8_mp2_1_mp3_1,Kmeans,3,4,static,512,cd,4,1,16,8,,1,3457299,96.88,14.06,84.38,8.82,2.3828125,0.0,
Kmeans__I_2_K_64_D_64_N_8192_ts_1024_op_1_mp1_8_mp2_1_mp3_1,Kmeans,1,4,dynamic,512,db,4,1,16,8,route_min_directed_valient,1,1589273,96.88,12.7,85.71,9.38,5.175781249999999,0.01953125,2
Kmeans__I_2_K_64_D_64_N_8192_ts_1024_op_1_mp1_8_mp2_1_mp3_1,Kmeans,1,4,dynamic,256,db,4,1,16,8,route_min_directed_valient,1,1589273,96.88,12.7,85.71,9.38,5.175781249999999,0.01953125,2
Kmeans__I_2_K_64_D_64_N_8192_ts_1024_op_1_mp1_8_mp2_1_mp3_1,Kmeans,0,4,dynamic,512,db,4,1,16,8,route_min_directed_valient,1,3281321,96.88,12.7,85.71,9.38,2.5,0.0,3
Kmeans__I_2_K_64_D_64_N_8192_ts_1024_op_1_mp1_8_mp2_1_mp3_1,Kmeans,2,4,dynamic,512,db,4,1,16,8,route_min_directed_valient,1,575564,96.88,12.7,85.71,9.38,14.296875,0.05859375,0
Kmeans__I_2_K_64_D_64_N_8192_ts_1024_op_1_mp1_8_mp2_1_mp3_1,Kmeans,0,0,dynamic,512,db,4,1,16,8,route_min_directed_valient,1,3289546,96.88,12.7,85.71,9.38,2.5,0.0,5
Kmeans__I_2_K_64_D_64_N_8192_ts_1024_op_1_mp1_8_mp2_1_mp3_1,Kmeans,1,4,dynamic,512,db,4,4,16,8,route_min_directed_valient,1,1603097,96.88,12.7,85.71,9.38,5.136718749999999,0.01953125,2
Kmeans__I_2_K_64_D_64_N_8192_ts_1024_op_1_mp1_8_mp2_1_mp3_1,Kmeans,1,4,dynamic,512,db,4,8,16,8,route_min_directed_valient,1,1621529,96.88,12.7,85.71,9.38,5.078125,0.01953125,2
Kmeans__I_2_K_64_D_64_N_8192_ts_1024_op_1_mp1_8_mp2_1_mp3_1,Kmeans,1,4,dynamic,512,db,4,16,16,8,route_min_directed_valient,1,1658393,96.88,12.7,85.71,9.38,4.9609375,0.01953125,2
lenet_loops__batch_par_1_conv1_par_2_conv2_par_4_mat1_par_2_mat2_par_1,LeNet,0,0,p2p,512,db,20,1,16,8,,1,401814,100.0,31.25,65.63,34.38,38.984375,0.0,
lenet_loops__batch_par_1_conv1_par_2_conv2_par_4_mat1_par_2_mat2_par_1,LeNet,0,0,p2p,512,db,4,1,16,8,,1,401888,69.84,29.69,65.63,34.38,38.984375,0.0,
lenet_loops__batch_par_1_conv1_par_2_conv2_par_4_mat1_par_2_mat2_par_1,LeNet,3,4,static,512,db,4,1,16,8,,1,401869,89.06,21.88,65.63,32.35,38.984375,0.0,
lenet_loops__batch_par_1_conv1_par_2_conv2_par_4_mat1_par_2_mat2_par_1,LeNet,2,4,static,512,db,4,1,16,8,,1,401869,89.06,21.88,65.63,32.35,38.984375,0.0,
lenet_loops__batch_par_1_conv1_par_2_conv2_par_4_mat1_par_2_mat2_par_1,LeNet,2,4,static,512,cd,4,1,16,8,,1,1637325,89.06,21.88,65.63,32.35,9.5703125,0.0,
lenet_loops__batch_par_1_conv1_par_2_conv2_par_4_mat1_par_2_mat2_par_1,LeNet,3,4,static,512,cd,4,1,16,8,,1,1637125,89.06,21.88,65.63,32.35,9.5703125,0.0,
lenet_loops__batch_par_1_conv1_par_2_conv2_par_4_mat1_par_2_mat2_par_1,LeNet,1,4,dynamic,512,db,4,1,16,8,route_min_directed_valient,1,401878,90.63,23.81,66.67,34.38,38.984375,0.0,0
lenet_loops__batch_par_1_conv1_par_2_conv2_par_4_mat1_par_2_mat2_par_1,LeNet,1,4,dynamic,256,db,4,1,16,8,route_min_directed_valient,1,401878,90.63,23.81,66.67,34.38,38.984375,0.0,0
lenet_loops__batch_par_1_conv1_par_2_conv2_par_4_mat1_par_2_mat2_par_1,LeNet,0,4,dynamic,512,db,4,1,16,8,route_min_directed_valient,1,3968680,90.63,23.81,66.67,34.38,3.9453125,0.0,2
lenet_loops__batch_par_1_conv1_par_2_conv2_par_4_mat1_par_2_mat2_par_1,LeNet,2,4,dynamic,512,db,4,1,16,8,route_min_directed_valient,1,401855,90.63,23.81,66.67,34.38,38.984375,0.0,0
lenet_loops__batch_par_1_conv1_par_2_conv2_par_4_mat1_par_2_mat2_par_1,LeNet,0,0,dynamic,512,db,4,1,16,8,route_min_directed_valient,1,3970168,90.63,23.81,66.67,34.38,3.9453125,0.0,6
lenet_loops__batch_par_1_conv1_par_2_conv2_par_4_mat1_par_2_mat2_par_1,LeNet,1,4,dynamic,512,db,4,4,16,8,route_min_directed_valient,1,401878,90.63,23.81,66.67,34.38,38.984375,0.0,0
lenet_loops__batch_par_1_conv1_par_2_conv2_par_4_mat1_par_2_mat2_par_1,LeNet,1,4,dynamic,512,db,4,8,16,8,route_min_directed_valient,1,401878,90.63,23.81,66.67,34.38,38.984375,0.0,0
lenet_loops__batch_par_1_conv1_par_2_conv2_par_4_mat1_par_2_mat2_par_1,LeNet,1,4,dynamic,512,db,4,16,16,8,route_min_directed_valient,1,401878,90.63,23.81,66.67,34.38,38.984375,0.0,0
SGD_minibatch__D_64_N_16384_E_2_ts_1024_mp1_8_mp2_16,SGD,0,0,p2p,512,db,20,1,16,8,,1,197185,50.79,18.75,81.25,9.38,84.39453125,0.0,
SGD_minibatch__D_64_N_16384_E_2_ts_1024_mp1_8_mp2_16,SGD,0,0,p2p,512,db,4,1,16,8,,1,201457,23.81,18.75,81.25,9.38,82.59765625,0.0,
SGD_minibatch__D_64_N_16384_E_2_ts_1024_mp1_8_mp2_16,SGD,3,4,static,512,db,4,1,16,8,,1,203685,53.13,0.0,81.25,8.82,81.69921874999999,0.0,
SGD_minibatch__D_64_N_16384_E_2_ts_1024_mp1_8_mp2_16,SGD,2,4,static,512,db,4,1,16,8,,1,203685,53.13,0.0,81.25,8.82,81.69921874999999,0.0,
SGD_minibatch__D_64_N_16384_E_2_ts_1024_mp1_8_mp2_16,SGD,2,4,static,512,cd,4,1,16,8,,1,1275643,53.13,0.0,81.25,8.82,13.046875,0.0,
SGD_minibatch__D_64_N_16384_E_2_ts_1024_mp1_8_mp2_16,SGD,3,4,static,512,cd,4,1,16,8,,1,1275643,53.13,0.0,81.25,8.82,13.046875,0.0,
SGD_minibatch__D_64_N_16384_E_2_ts_1024_mp1_8_mp2_16,SGD,1,4,dynamic,512,db,4,1,16,8,route_min_directed_valient,1,204632,51.56,1.59,82.54,9.38,81.30859375,0.0,1
SGD_minibatch__D_64_N_16384_E_2_ts_1024_mp1_8_mp2_16,SGD,1,4,dynamic,256,db,4,1,16,8,route_min_directed_valient,1,204632,51.56,1.59,82.54,9.38,81.30859375,0.0,1
SGD_minibatch__D_64_N_16384_E_2_ts_1024_mp1_8_mp2_16,SGD,0,4,dynamic,512,db,4,1,16,8,route_min_directed_valient,1,1187289,51.56,1.59,82.54,9.38,14.0234375,0.0,2
SGD_minibatch__D_64_N_16384_E_2_ts_1024_mp1_8_mp2_16,SGD,2,4,dynamic,512,db,4,1,16,8,route_min_directed_valient,1,203695,51.56,1.59,82.54,9.38,81.69921874999999,0.0,0
SGD_minibatch__D_64_N_16384_E_2_ts_1024_mp1_8_mp2_16,SGD,0,0,dynamic,512,db,4,1,16,8,route_min_directed_valient,1,1732711,51.56,1.59,82.54,9.38,9.609375,0.0,6
SGD_minibatch__D_64_N_16384_E_2_ts_1024_mp1_8_mp2_16,SGD,1,4,dynamic,512,db,4,4,16,8,route_min_directed_valient,1,204632,51.56,1.59,82.54,9.38,81.30859375,0.0,1
SGD_minibatch__D_64_N_16384_E_2_ts_1024_mp1_8_mp2_16,SGD,1,4,dynamic,512,db,4,8,16,8,route_min_directed_valient,1,204632,51.56,1.59,82.54,9.38,81.30859375,0.0,1
SGD_minibatch__D_64_N_16384_E_2_ts_1024_mp1_8_mp2_16,SGD,1,4,dynamic,512,db,4,16,16,8,route_min_directed_valient,1,204632,51.56,1.59,82.54,9.38,81.30859375,0.0,1
