link,ctx,src,tp,count,dst[0],dst[1],dst[2],dst[3],dst[4],dst[5],dst[6],dst[7],dst[8],dst[9],dst[10],dst[11],dst[12],dst[13],dst[14],dst[15],dst[16],dst[17],dst[18],dst[19],dst[20],dst[21],dst[22],dst[23],dst[24],dst[25],dst[26],dst[27],dst[28],dst[29],dst[30],dst[31],dst[32],dst[33],dst[34],dst[35],dst[36],dst[37]
3398,999,3,1,1,1197,1201,1205,1209,1213,1217,1221,1225,1229,1233,1237,1241,1245,1249,1253,1257,1261,1265,1269,1273,1277,3350,3377,3378,3379,3380,3382,3383,3384,3385,3387,3388,3389,3390,3392,3393,3394,3395
3401,1027,1005,2,1024,3352,3353,3354,,,,,,,,,,,,,,,,,,,,,,,,,,,,,,,,,,,
3402,1027,1005,2,32768,3351,,,,,,,,,,,,,,,,,,,,,,,,,,,,,,,,,,,,,
3405,1075,1053,2,1024,3357,3358,3359,,,,,,,,,,,,,,,,,,,,,,,,,,,,,,,,,,,
3406,1075,1053,2,32768,3356,,,,,,,,,,,,,,,,,,,,,,,,,,,,,,,,,,,,,
3409,1123,1101,2,32768,3361,,,,,,,,,,,,,,,,,,,,,,,,,,,,,,,,,,,,,
3410,1123,1101,2,1024,3362,3363,3364,,,,,,,,,,,,,,,,,,,,,,,,,,,,,,,,,,,
3413,1171,1149,2,32768,3366,,,,,,,,,,,,,,,,,,,,,,,,,,,,,,,,,,,,,
3414,1171,1149,2,1024,3367,3368,3369,,,,,,,,,,,,,,,,,,,,,,,,,,,,,,,,,,,
3416,1198,1197,1,1024,7279,,,,,,,,,,,,,,,,,,,,,,,,,,,,,,,,,,,,,
3418,1202,1201,1,1024,7279,,,,,,,,,,,,,,,,,,,,,,,,,,,,,,,,,,,,,
3420,1206,1205,1,1024,7280,,,,,,,,,,,,,,,,,,,,,,,,,,,,,,,,,,,,,
3422,1210,1209,1,1024,7280,,,,,,,,,,,,,,,,,,,,,,,,,,,,,,,,,,,,,
3424,1214,1213,2,32768,3354,,,,,,,,,,,,,,,,,,,,,,,,,,,,,,,,,,,,,
3426,1218,1217,2,32768,3353,,,,,,,,,,,,,,,,,,,,,,,,,,,,,,,,,,,,,
3428,1222,1221,2,32768,3351,,,,,,,,,,,,,,,,,,,,,,,,,,,,,,,,,,,,,
3430,1226,1225,2,32768,3352,,,,,,,,,,,,,,,,,,,,,,,,,,,,,,,,,,,,,
3432,1230,1229,2,32768,3356,,,,,,,,,,,,,,,,,,,,,,,,,,,,,,,,,,,,,
3434,1234,1233,2,32768,3358,,,,,,,,,,,,,,,,,,,,,,,,,,,,,,,,,,,,,
3436,1238,1237,2,32768,3359,,,,,,,,,,,,,,,,,,,,,,,,,,,,,,,,,,,,,
3438,1242,1241,2,32768,3357,,,,,,,,,,,,,,,,,,,,,,,,,,,,,,,,,,,,,
3440,1246,1245,2,32768,3362,,,,,,,,,,,,,,,,,,,,,,,,,,,,,,,,,,,,,
3442,1250,1249,2,32768,3361,,,,,,,,,,,,,,,,,,,,,,,,,,,,,,,,,,,,,
3444,1254,1253,2,32768,3364,,,,,,,,,,,,,,,,,,,,,,,,,,,,,,,,,,,,,
3446,1258,1257,2,32768,3363,,,,,,,,,,,,,,,,,,,,,,,,,,,,,,,,,,,,,
3448,1262,1261,2,32768,3368,,,,,,,,,,,,,,,,,,,,,,,,,,,,,,,,,,,,,
3450,1266,1265,2,32768,3369,,,,,,,,,,,,,,,,,,,,,,,,,,,,,,,,,,,,,
3452,1270,1269,2,32768,3367,,,,,,,,,,,,,,,,,,,,,,,,,,,,,,,,,,,,,
3454,1274,1273,2,32768,3366,,,,,,,,,,,,,,,,,,,,,,,,,,,,,,,,,,,,,
3456,1278,1277,2,1024,7428,,,,,,,,,,,,,,,,,,,,,,,,,,,,,,,,,,,,,
3460,1282,1281,1,1,3375,,,,,,,,,,,,,,,,,,,,,,,,,,,,,,,,,,,,,
3464,1295,1294,1,1,3375,,,,,,,,,,,,,,,,,,,,,,,,,,,,,,,,,,,,,
3466,1307,1306,2,1024,7428,,,,,,,,,,,,,,,,,,,,,,,,,,,,,,,,,,,,,
3468,1311,1310,2,1024,3374,,,,,,,,,,,,,,,,,,,,,,,,,,,,,,,,,,,,,
3470,1315,1314,2,1024,7428,,,,,,,,,,,,,,,,,,,,,,,,,,,,,,,,,,,,,
3472,965,3350,1,1024,1281,1294,,,,,,,,,,,,,,,,,,,,,,,,,,,,,,,,,,,,
3475,967,3351,2,1024,7050,,,,,,,,,,,,,,,,,,,,,,,,,,,,,,,,,,,,,
3478,968,3352,2,1024,7050,,,,,,,,,,,,,,,,,,,,,,,,,,,,,,,,,,,,,
3481,969,3353,2,1024,7050,,,,,,,,,,,,,,,,,,,,,,,,,,,,,,,,,,,,,
3484,970,3354,2,1024,7050,,,,,,,,,,,,,,,,,,,,,,,,,,,,,,,,,,,,,
3492,974,3356,2,1024,7110,7111,,,,,,,,,,,,,,,,,,,,,,,,,,,,,,,,,,,,
3495,975,3357,2,1024,7111,,,,,,,,,,,,,,,,,,,,,,,,,,,,,,,,,,,,,
3498,976,3358,2,1024,7111,,,,,,,,,,,,,,,,,,,,,,,,,,,,,,,,,,,,,
3501,977,3359,2,1024,7111,,,,,,,,,,,,,,,,,,,,,,,,,,,,,,,,,,,,,
3509,981,3361,2,1024,7172,,,,,,,,,,,,,,,,,,,,,,,,,,,,,,,,,,,,,
3512,982,3362,2,1024,7172,,,,,,,,,,,,,,,,,,,,,,,,,,,,,,,,,,,,,
3515,983,3363,2,1024,7172,,,,,,,,,,,,,,,,,,,,,,,,,,,,,,,,,,,,,
3518,984,3364,2,1024,7172,,,,,,,,,,,,,,,,,,,,,,,,,,,,,,,,,,,,,
3526,988,3366,2,1024,7230,,,,,,,,,,,,,,,,,,,,,,,,,,,,,,,,,,,,,
3529,989,3367,2,1024,7230,,,,,,,,,,,,,,,,,,,,,,,,,,,,,,,,,,,,,
3532,990,3368,2,1024,7230,,,,,,,,,,,,,,,,,,,,,,,,,,,,,,,,,,,,,
3535,991,3369,2,1024,7230,,,,,,,,,,,,,,,,,,,,,,,,,,,,,,,,,,,,,
3567,997,3374,2,1024,1294,,,,,,,,,,,,,,,,,,,,,,,,,,,,,,,,,,,,,
3568,997,3374,2,1024,1294,,,,,,,,,,,,,,,,,,,,,,,,,,,,,,,,,,,,,
3571,998,3375,1,1,3,,,,,,,,,,,,,,,,,,,,,,,,,,,,,,,,,,,,,
3572,998,3375,1,1,3,,,,,,,,,,,,,,,,,,,,,,,,,,,,,,,,,,,,,
3584,1015,3377,2,32768,7585,,,,,,,,,,,,,,,,,,,,,,,,,,,,,,,,,,,,,
3585,1015,3377,2,32768,7587,,,,,,,,,,,,,,,,,,,,,,,,,,,,,,,,,,,,,
3587,1018,3378,2,32768,7587,,,,,,,,,,,,,,,,,,,,,,,,,,,,,,,,,,,,,
3588,1018,3378,2,32768,7585,,,,,,,,,,,,,,,,,,,,,,,,,,,,,,,,,,,,,
3590,1021,3379,2,32768,7587,,,,,,,,,,,,,,,,,,,,,,,,,,,,,,,,,,,,,
3591,1021,3379,2,32768,8068,,,,,,,,,,,,,,,,,,,,,,,,,,,,,,,,,,,,,
3593,1024,3380,2,32768,8068,,,,,,,,,,,,,,,,,,,,,,,,,,,,,,,,,,,,,
3594,1024,3380,2,32768,7587,,,,,,,,,,,,,,,,,,,,,,,,,,,,,,,,,,,,,
3606,1063,3382,2,32768,7719,,,,,,,,,,,,,,,,,,,,,,,,,,,,,,,,,,,,,
3607,1063,3382,2,32768,7719,,,,,,,,,,,,,,,,,,,,,,,,,,,,,,,,,,,,,
3609,1066,3383,2,32768,7719,,,,,,,,,,,,,,,,,,,,,,,,,,,,,,,,,,,,,
3610,1066,3383,2,32768,7719,,,,,,,,,,,,,,,,,,,,,,,,,,,,,,,,,,,,,
3612,1069,3384,2,32768,7718,,,,,,,,,,,,,,,,,,,,,,,,,,,,,,,,,,,,,
3613,1069,3384,2,32768,7718,,,,,,,,,,,,,,,,,,,,,,,,,,,,,,,,,,,,,
3615,1072,3385,2,32768,7718,,,,,,,,,,,,,,,,,,,,,,,,,,,,,,,,,,,,,
3616,1072,3385,2,32768,7718,,,,,,,,,,,,,,,,,,,,,,,,,,,,,,,,,,,,,
3628,1111,3387,2,32768,7879,,,,,,,,,,,,,,,,,,,,,,,,,,,,,,,,,,,,,
3629,1111,3387,2,32768,7878,,,,,,,,,,,,,,,,,,,,,,,,,,,,,,,,,,,,,
3631,1114,3388,2,32768,7879,,,,,,,,,,,,,,,,,,,,,,,,,,,,,,,,,,,,,
3632,1114,3388,2,32768,7878,,,,,,,,,,,,,,,,,,,,,,,,,,,,,,,,,,,,,
3634,1117,3389,2,32768,7880,,,,,,,,,,,,,,,,,,,,,,,,,,,,,,,,,,,,,
3635,1117,3389,2,32768,7880,,,,,,,,,,,,,,,,,,,,,,,,,,,,,,,,,,,,,
3637,1120,3390,2,32768,7880,,,,,,,,,,,,,,,,,,,,,,,,,,,,,,,,,,,,,
3638,1120,3390,2,32768,7880,,,,,,,,,,,,,,,,,,,,,,,,,,,,,,,,,,,,,
3650,1159,3392,2,32768,8008,,,,,,,,,,,,,,,,,,,,,,,,,,,,,,,,,,,,,
3651,1159,3392,2,32768,8008,,,,,,,,,,,,,,,,,,,,,,,,,,,,,,,,,,,,,
3653,1162,3393,2,32768,8008,,,,,,,,,,,,,,,,,,,,,,,,,,,,,,,,,,,,,
3654,1162,3393,2,32768,8008,,,,,,,,,,,,,,,,,,,,,,,,,,,,,,,,,,,,,
3656,1165,3394,2,32768,8007,,,,,,,,,,,,,,,,,,,,,,,,,,,,,,,,,,,,,
3657,1165,3394,2,32768,8007,,,,,,,,,,,,,,,,,,,,,,,,,,,,,,,,,,,,,
3659,1168,3395,2,32768,8007,,,,,,,,,,,,,,,,,,,,,,,,,,,,,,,,,,,,,
3660,1168,3395,2,32768,8007,,,,,,,,,,,,,,,,,,,,,,,,,,,,,,,,,,,,,
3489,7001,7049,1,1024,7279,,,,,,,,,,,,,,,,,,,,,,,,,,,,,,,,,,,,,
7057,7002,7050,1,1024,7049,,,,,,,,,,,,,,,,,,,,,,,,,,,,,,,,,,,,,
7058,7002,7050,1,1024,7049,,,,,,,,,,,,,,,,,,,,,,,,,,,,,,,,,,,,,
3506,7059,7110,1,1024,7279,,,,,,,,,,,,,,,,,,,,,,,,,,,,,,,,,,,,,
7120,7060,7111,1,1024,7110,,,,,,,,,,,,,,,,,,,,,,,,,,,,,,,,,,,,,
7121,7060,7111,1,1024,7110,,,,,,,,,,,,,,,,,,,,,,,,,,,,,,,,,,,,,
7122,7060,7111,1,1024,7110,,,,,,,,,,,,,,,,,,,,,,,,,,,,,,,,,,,,,
3523,7123,7171,1,1024,7280,,,,,,,,,,,,,,,,,,,,,,,,,,,,,,,,,,,,,
7179,7124,7172,1,1024,7171,,,,,,,,,,,,,,,,,,,,,,,,,,,,,,,,,,,,,
7180,7124,7172,1,1024,7171,,,,,,,,,,,,,,,,,,,,,,,,,,,,,,,,,,,,,
3540,7181,7229,1,1024,7280,,,,,,,,,,,,,,,,,,,,,,,,,,,,,,,,,,,,,
7237,7182,7230,1,1024,7229,,,,,,,,,,,,,,,,,,,,,,,,,,,,,,,,,,,,,
7238,7182,7230,1,1024,7229,,,,,,,,,,,,,,,,,,,,,,,,,,,,,,,,,,,,,
3552,7239,7279,1,1024,7352,,,,,,,,,,,,,,,,,,,,,,,,,,,,,,,,,,,,,
3549,7239,7279,1,1024,7352,,,,,,,,,,,,,,,,,,,,,,,,,,,,,,,,,,,,,
3550,7240,7280,1,1024,7352,,,,,,,,,,,,,,,,,,,,,,,,,,,,,,,,,,,,,
3551,7240,7280,1,1024,7352,,,,,,,,,,,,,,,,,,,,,,,,,,,,,,,,,,,,,
3557,7289,7351,2,1024,1306,1314,,,,,,,,,,,,,,,,,,,,,,,,,,,,,,,,,,,,
7358,7290,7352,2,1024,7351,,,,,,,,,,,,,,,,,,,,,,,,,,,,,,,,,,,,,
3562,7359,7426,2,1024,1310,,,,,,,,,,,,,,,,,,,,,,,,,,,,,,,,,,,,,
3563,7359,7426,2,1024,1281,,,,,,,,,,,,,,,,,,,,,,,,,,,,,,,,,,,,,
3561,7359,7426,2,1024,3374,,,,,,,,,,,,,,,,,,,,,,,,,,,,,,,,,,,,,
3564,7359,7426,2,1024,1281,,,,,,,,,,,,,,,,,,,,,,,,,,,,,,,,,,,,,
7433,7360,7427,2,1024,7426,,,,,,,,,,,,,,,,,,,,,,,,,,,,,,,,,,,,,
7437,7361,7428,2,1024,7426,,,,,,,,,,,,,,,,,,,,,,,,,,,,,,,,,,,,,
7438,7361,7428,2,1024,7426,7427,,,,,,,,,,,,,,,,,,,,,,,,,,,,,,,,,,,,
3582,7439,7583,2,32768,1005,,,,,,,,,,,,,,,,,,,,,,,,,,,,,,,,,,,,,
3581,7439,7583,2,32768,1005,,,,,,,,,,,,,,,,,,,,,,,,,,,,,,,,,,,,,
7593,7440,7584,2,32768,7583,,,,,,,,,,,,,,,,,,,,,,,,,,,,,,,,,,,,,
7597,7441,7585,2,32768,7584,,,,,,,,,,,,,,,,,,,,,,,,,,,,,,,,,,,,,
7610,7443,7587,2,32768,8069,,,,,,,,,,,,,,,,,,,,,,,,,,,,,,,,,,,,,
7611,7443,7587,2,32768,8069,,,,,,,,,,,,,,,,,,,,,,,,,,,,,,,,,,,,,
7612,7443,7587,2,32768,8068,,,,,,,,,,,,,,,,,,,,,,,,,,,,,,,,,,,,,
7613,7443,7587,2,32768,7585,,,,,,,,,,,,,,,,,,,,,,,,,,,,,,,,,,,,,
3603,7614,7717,2,32768,1053,,,,,,,,,,,,,,,,,,,,,,,,,,,,,,,,,,,,,
3604,7614,7717,2,32768,1053,,,,,,,,,,,,,,,,,,,,,,,,,,,,,,,,,,,,,
7728,7615,7718,2,32768,7717,,,,,,,,,,,,,,,,,,,,,,,,,,,,,,,,,,,,,
7729,7615,7718,2,32768,7717,,,,,,,,,,,,,,,,,,,,,,,,,,,,,,,,,,,,,
7734,7616,7719,2,32768,7717,,,,,,,,,,,,,,,,,,,,,,,,,,,,,,,,,,,,,
7735,7616,7719,2,32768,7717,,,,,,,,,,,,,,,,,,,,,,,,,,,,,,,,,,,,,
3625,7736,7876,2,32768,1101,,,,,,,,,,,,,,,,,,,,,,,,,,,,,,,,,,,,,
3626,7736,7876,2,32768,1101,,,,,,,,,,,,,,,,,,,,,,,,,,,,,,,,,,,,,
7886,7737,7877,2,32768,7876,,,,,,,,,,,,,,,,,,,,,,,,,,,,,,,,,,,,,
7890,7738,7878,2,32768,7877,,,,,,,,,,,,,,,,,,,,,,,,,,,,,,,,,,,,,
7894,7739,7879,2,32768,7876,,,,,,,,,,,,,,,,,,,,,,,,,,,,,,,,,,,,,
7895,7739,7879,2,32768,7877,,,,,,,,,,,,,,,,,,,,,,,,,,,,,,,,,,,,,
7896,7739,7879,2,32768,7878,,,,,,,,,,,,,,,,,,,,,,,,,,,,,,,,,,,,,
7901,7740,7880,2,32768,7877,,,,,,,,,,,,,,,,,,,,,,,,,,,,,,,,,,,,,
7902,7740,7880,2,32768,7879,,,,,,,,,,,,,,,,,,,,,,,,,,,,,,,,,,,,,
3647,7903,8006,2,32768,1149,,,,,,,,,,,,,,,,,,,,,,,,,,,,,,,,,,,,,
3648,7903,8006,2,32768,1149,,,,,,,,,,,,,,,,,,,,,,,,,,,,,,,,,,,,,
8017,7904,8007,2,32768,8006,,,,,,,,,,,,,,,,,,,,,,,,,,,,,,,,,,,,,
8018,7904,8007,2,32768,8006,,,,,,,,,,,,,,,,,,,,,,,,,,,,,,,,,,,,,
8023,7905,8008,2,32768,8006,,,,,,,,,,,,,,,,,,,,,,,,,,,,,,,,,,,,,
8024,7905,8008,2,32768,8006,,,,,,,,,,,,,,,,,,,,,,,,,,,,,,,,,,,,,
7603,8025,8067,2,32768,7583,,,,,,,,,,,,,,,,,,,,,,,,,,,,,,,,,,,,,
7605,8025,8067,2,32768,7584,,,,,,,,,,,,,,,,,,,,,,,,,,,,,,,,,,,,,
8075,8026,8068,2,32768,8067,,,,,,,,,,,,,,,,,,,,,,,,,,,,,,,,,,,,,
7604,8027,8069,2,32768,7584,,,,,,,,,,,,,,,,,,,,,,,,,,,,,,,,,,,,,
8078,8027,8069,2,32768,8067,,,,,,,,,,,,,,,,,,,,,,,,,,,,,,,,,,,,,
